abbrev,name,count,jurisdiction,citation_abbrev,start_date,end_date,in_use,last_modified,horizontal,vertical
scotus,Supreme Court of the United States,63691,Federal Appellate,SCOTUS,1789-09-24,Unknown,Yes,2014-10-30T18:59,other,appellate
ca1,Court of Appeals for the First Circuit,30495,Federal Appellate,1st Cir.,1891-03-03,Unknown,Yes,2014-10-30T18:57,other,appellate
ca2,Court of Appeals for the Second Circuit,47642,Federal Appellate,2d Cir.,1891-03-03,Unknown,Yes,2013-08-14T09:46,other,appellate
ca3,Court of Appeals for the Third Circuit,48590,Federal Appellate,3rd Cir.,1891-03-03,Unknown,Yes,2014-10-30T18:57,other,appellate
ca4,Court of Appeals for the Fourth Circuit,39388,Federal Appellate,4th Cir.,1891-03-03,Unknown,Yes,2014-10-30T18:58,other,appellate
ca5,Court of Appeals for the Fifth Circuit,90347,Federal Appellate,5th Cir.,1891-03-03,Unknown,Yes,2014-10-30T18:58,other,appellate
ca6,Court of Appeals for the Sixth Circuit,41632,Federal Appellate,6th Cir.,1891-03-03,Unknown,Yes,2014-11-07T13:21,other,appellate
ca7,Court of Appeals for the Seventh Circuit,48388,Federal Appellate,7th Cir.,1891-03-03,Unknown,Yes,2014-10-30T18:58,other,appellate
ca8,Court of Appeals for the Eighth Circuit,55782,Federal Appellate,8th Cir.,1891-03-03,Unknown,Yes,2014-10-30T18:58,other,appellate
ca9,Court of Appeals for the Ninth Circuit,67646,Federal Appellate,9th Cir.,1891-03-03,Unknown,Yes,2014-10-30T18:58,other,appellate
ca10,Court of Appeals for the Tenth Circuit,29694,Federal Appellate,10th Cir.,2/28/1929,Unknown,Yes,2013-08-14T09:46,other,appellate
ca11,Court of Appeals for the Eleventh Circuit,46669,Federal Appellate,11th Cir.,10/14/1980,Unknown,Yes,2013-08-14T09:46,other,appellate
cadc,Court of Appeals for the D.C. Circuit,23328,Federal Appellate,D.C. Cir.,1893-02-09,Unknown,Yes,2014-10-30T18:58,other,appellate
cafc,Court of Appeals for the Federal Circuit,12391,Federal Appellate,Fed. Cir.,4/2/1982,Unknown,Yes,2014-10-30T18:59,other,appellate
caca,Circuit Court for California,0,Federal Appellate,,1804-10-01,1812-04-30,Yes,2016-03-16T18:01,CA,appellate
afcca,United States Air Force Court of Criminal Appeals,179,Federal Special,A.F.C.C.A.,Unknown,Unknown,Yes,2014-09-18T18:41,other,other
asbca,Armed Services Board of Contract Appeals,1039,Federal Special,A.S.B.C.A.,Unknown,Unknown,Yes,2014-09-18T18:15,other,other
armfor,Court of Appeals for the Armed Forces,636,Federal Special,C.A.A.F.,5/31/1951,Unknown,Yes,2013-08-14T15:18,other,other
acca,Army Court of Criminal Appeals,124,Federal Special,A.C.C.A.,Unknown,Unknown,Yes,2015-01-08T16:24,other,other
cc,United States Court of Claims,930,Federal Special,Ct. Cl.,1855-02-24,10/29/1992,Yes,2013-10-17T17:47,other,other
uscfc,United States Court of Federal Claims,2618,Federal Special,Fed. Cl.,4/2/1982,Unknown,Yes,2013-08-14T15:19,other,other
com,Commerce Court,0,Federal Special,Comm. Ct.,1/1/1910,1/1/1913,Yes,2013-08-14T15:19,other,other
ccpa,Court of Customs and Patent Appeals,2776,Federal Special,C.C.P.A.,8/5/1909,4/2/1982,Yes,2013-08-14T15:19,other,other
cusc,United States Customs Court,161,Federal Special,Cust. Ct.,1/1/1926,1/1/1980,Yes,2014-06-18T17:34,other,other
tax,United States Tax Court,639,Federal Special,Tax Ct.,Unknown,Unknown,Yes,2013-08-14T15:20,other,other
mc,United States Court of Military Commission Review,7,Federal Special,M.C.,Unknown,Unknown,Yes,2014-11-24T09:05,other,other
mspb,Merit Systems Protection Board,176,Federal Special,MSPB,Unknown,Unknown,Yes,2014-09-02T16:05,other,other
nmcca,Navy-Marine Corps Court of Criminal Appeals,717,Federal Special,N.M.C.C.A.,Unknown,Unknown,Yes,2014-09-18T18:48,other,other
cavc,United States Court of Appeals for Veterans Claims,865,Federal Special,Vet. App.,Unknown,Unknown,Yes,2013-08-14T15:20,other,other
bva,Board of Veterans' Appeals,0,Federal Special,Board of Vet. App.,Unknown,Unknown,Yes,2014-09-18T18:06,other,other
eca,Emergency Court of Appeals,97,Federal Special,Emer. Ct. App.,1/30/1942,4/18/1962,Yes,2013-08-14T15:20,other,other
tecoa,Temporary Emergency Court of Appeals,0,Federal Special,Temp. Emerg. Ct. App.,12/1/1971,10/29/1992,Yes,2013-08-14T15:20,other,other
fiscr,Foreign Intelligence Surveillance Court of Review,2,Federal Special,FISA Ct. Rev.,10/25/1978,Unknown,Yes,2014-05-27T08:58,other,other
fisc,Foreign Intelligence Surveillance Court,5,Federal Special,FISA Ct.,10/25/1978,Unknown,Yes,2014-05-27T08:58,other,other
reglrailreorgct,Special Court under the Regional Rail Reorganization Act,40,Federal Special,Regl. Rail Reorg. Act,1/1/1973,3/1/1996,Yes,2013-08-14T15:20,other,other
cit,United States Court of International Trade,3960,Federal Special,Ct. Intl. Trade,Unknown,Unknown,Yes,2013-08-14T15:20,other,other
bap1,Bankruptcy Appellate Panel of the First Circuit,283,Federal Bankruptcy Panel,1st Cir. BAP,Unknown,Unknown,Yes,2013-10-24T18:27,other,other
bap2,Bankruptcy Appellate Panel of the Second Circuit,27,Federal Bankruptcy Panel,2d Cir. BAP,Unknown,Unknown,Yes,2013-10-24T18:28,other,other
bap6,Bankruptcy Appellate Panel of the Sixth Circuit,254,Federal Bankruptcy Panel,6th Cir. BAP,Unknown,Unknown,Yes,2013-10-24T18:28,other,other
bap8,United States Bankruptcy Appellate Panel for the Eighth Circuit,514,Federal Bankruptcy Panel,8th Cir. BAP,Unknown,Unknown,Yes,2013-10-24T18:28,other,other
bap9,United States Bankruptcy Appellate Panel for the Ninth Circuit,1488,Federal Bankruptcy Panel,9th Cir. BAP,Unknown,Unknown,Yes,2013-10-24T18:28,other,other
bap10,Bankruptcy Appellate Panel of the Tenth Circuit,401,Federal Bankruptcy Panel,10th Cir. BAP,Unknown,Unknown,Yes,2014-09-02T15:59,other,other
bapme,Bankruptcy Appellate Panel D. Maine,2,Federal Bankruptcy Panel,Me. BAP,Unknown,Unknown,Yes,2013-10-24T18:28,ME,other
bapma,Bankruptcy Appellate Panel of Massachusetts,3,Federal Bankruptcy Panel,Mass. BAP,Unknown,Unknown,Yes,2013-10-24T18:28,MA,other
almb,United States Bankruptcy Court M.D. Alabama,180,Federal Bankruptcy,Bankr. M.D. Ala.,Unknown,Unknown,Yes,2013-08-14T16:55,AL,other
alnb,United States Bankruptcy Court N.D. Alabama,459,Federal Bankruptcy,Bankr. N.D. Ala.,Unknown,Unknown,Yes,2013-08-14T18:21,AL,other
alsb,United States Bankruptcy Court S.D. Alabama,114,Federal Bankruptcy,Bankr. S.D. Ala.,Unknown,Unknown,Yes,2013-08-15T09:44,AL,other
akb,United States Bankruptcy Court D. Alaska,51,Federal Bankruptcy,Bankr. D. Alaska,Unknown,Unknown,Yes,2013-08-14T17:32,AK,other
arb,United States Bankruptcy Court D. Arizona,355,Federal Bankruptcy,Bankr. D. Ariz.,Unknown,Unknown,Yes,2013-08-14T22:40,AZ,other
areb,United States Bankruptcy Court E.D. Arkansas,520,Federal Bankruptcy,Bankr. E.D. Ark.,Unknown,Unknown,Yes,2013-08-14T22:23,AR,other
arwb,United States Bankruptcy Court W.D. Arkansas,241,Federal Bankruptcy,Bankr. W.D. Ark.,Unknown,Unknown,Yes,2013-08-14T18:00,AR,other
cacb,United States Bankruptcy Court C.D. California,568,Federal Bankruptcy,Bankr. C.D. Cal.,Unknown,Unknown,Yes,2013-08-14T17:19,CA,other
caeb,United States Bankruptcy Court E.D. California,274,Federal Bankruptcy,Bankr. E.D. Cal.,Unknown,Unknown,Yes,2013-08-14T18:03,CA,other
canb,United States Bankruptcy Court N.D. California,337,Federal Bankruptcy,Bankr. N.D. Cal.,Unknown,Unknown,Yes,2013-08-14T17:30,CA,other
casb,United States Bankruptcy Court S.D. California,348,Federal Bankruptcy,Bankr. S.D. Cal.,Unknown,Unknown,Yes,2013-08-14T17:30,CA,other
cob,United States Bankruptcy Court D. Colorado,744,Federal Bankruptcy,Bankr.D. Colo.,Unknown,Unknown,Yes,2013-08-14T17:23,CO,other
ctb,United States Bankruptcy Court D. Connecticut,822,Federal Bankruptcy,Bankr. D. Conn.,Unknown,Unknown,Yes,2013-08-14T17:24,CT,other
deb,United States Bankruptcy Court D. Delaware,873,Federal Bankruptcy,Bankr. D. Del.,Unknown,Unknown,Yes,2013-08-15T09:45,DE,other
dcb,United States Bankruptcy Court District of Columbia,1,Federal Bankruptcy,Bankr. D.C.,Unknown,Unknown,Yes,2013-08-14T17:00,DC,other
flmb,United States Bankruptcy Court M.D. Florida,2870,Federal Bankruptcy,Bankr. M.D. Fla.,Unknown,Unknown,Yes,2013-08-14T17:05,FL,other
flnb,United States Bankruptcy Court N.D. Florida,266,Federal Bankruptcy,Bankr. N.D. Fla.,Unknown,Unknown,Yes,2013-08-14T17:44,FL,other
flsb,United States Bankruptcy Court S.D. Florida.,1632,Federal Bankruptcy,Bankr. S.D. Florida,Unknown,Unknown,Yes,2013-08-14T16:54,FL,other
gamb,United States Bankruptcy Court M.D. Georgia,463,Federal Bankruptcy,Bankr. M.D. Ga.,Unknown,Unknown,Yes,2013-08-14T22:53,GA,other
ganb,United States Bankruptcy Court N.D. Georgia,812,Federal Bankruptcy,Bankr. N.D. Ga.,Unknown,Unknown,Yes,2013-08-14T17:41,GA,other
gasb,United States Bankruptcy Court S.D. Georgia,361,Federal Bankruptcy,Bankr. S.D. Ga.,Unknown,Unknown,Yes,2013-08-14T16:32,GA,other
hib,United States Bankruptcy Court D. Hawaii,163,Federal Bankruptcy,Bankr. D. Haw.,Unknown,Unknown,Yes,2013-08-15T09:30,HI,other
idb,United States Bankruptcy Court D. Idaho,430,Federal Bankruptcy,Bankr. D. Idaho,Unknown,Unknown,Yes,2013-08-14T18:15,ID,other
ilcb,United States Bankruptcy Court C.D. Illinois,428,Federal Bankruptcy,Bankr. C.D. Ill.,Unknown,Unknown,Yes,2014-11-24T09:04,IL,other
ilnb,United States Bankruptcy Court N.D. Illinois,1917,Federal Bankruptcy,Bankr. N.D. Ill.,Unknown,Unknown,Yes,2014-11-24T09:04,IL,other
ilsb,United States Bankruptcy Court S.D. Illinois,220,Federal Bankruptcy,Bankr. S.D. Ill.,Unknown,Unknown,Yes,2013-08-15T09:06,IL,other
innb,United States Bankruptcy Court N.D. Indiana,366,Federal Bankruptcy,Bankr. N.D. Ind.,Unknown,Unknown,Yes,2013-08-15T09:34,IN,other
insb,United States Bankruptcy Court S.D. Indiana,170,Federal Bankruptcy,Bankr. S.D. Ind.,Unknown,Unknown,Yes,2013-08-15T09:19,IN,other
ianb,United States Bankruptcy Court N.D. Iowa,397,Federal Bankruptcy,Bankr. D. Iowa,Unknown,Unknown,Yes,2013-08-14T17:37,IA,other
iasb,United States Bankruptcy Court S.D. Iowa,138,Federal Bankruptcy,Bankr. S.D. Iowa,Unknown,Unknown,Yes,2013-08-14T18:01,IA,other
ksb,United States Bankruptcy Court D. Kansas,624,Federal Bankruptcy,Bankr. D. Kan.,Unknown,Unknown,Yes,2013-08-14T16:43,KS,other
kyeb,United States Bankruptcy Court E.D. Kentucky,116,Federal Bankruptcy,Bankr. E.D. Ky.,Unknown,Unknown,Yes,2013-08-15T10:03,KY,other
kywb,United States Bankruptcy Court W.D. Kentucky,511,Federal Bankruptcy,Bankr. W.D. Ky.,Unknown,Unknown,Yes,2013-08-15T09:23,KY,other
laeb,United States Bankruptcy Court E.D. Louisiana,102,Federal Bankruptcy,Bankr. E.D. La.,Unknown,Unknown,Yes,2013-08-14T22:54,LA,other
lamb,United States Bankruptcy Court M.D. Louisiana,109,Federal Bankruptcy,Bankr. M.D. La.,Unknown,Unknown,Yes,2013-08-14T22:37,LA,other
lawb,United States Bankruptcy Court W.D. Louisiana,188,Federal Bankruptcy,Bankr. W.D. La.,Unknown,Unknown,Yes,2013-08-15T09:01,LA,other
meb,United States Bankruptcy Court D. Maine,319,Federal Bankruptcy,Bankr. D. Me.,Unknown,Unknown,Yes,2014-11-24T09:05,ME,other
mdb,United States Bankruptcy Court D. Maryland,505,Federal Bankruptcy,Bankr. D. Md.,Unknown,Unknown,Yes,2013-08-14T18:06,MD,other
mab,United States Bankruptcy Court D. Massachusetts,1502,Federal Bankruptcy,Bankr. D. Mass.,Unknown,Unknown,Yes,2013-08-14T16:41,MA,other
mieb,United States Bankruptcy Court E.D. Michigan,745,Federal Bankruptcy,Bankr. E.D. Mich.,Unknown,Unknown,Yes,2013-08-14T18:10,MI,other
miwb,United States Bankruptcy Court W.D. Michigan,404,Federal Bankruptcy,Bankr. W.D. Mich.,Unknown,Unknown,Yes,2013-08-14T17:48,MI,other
mnb,United States Bankruptcy Court D. Minnesota,688,Federal Bankruptcy,Bankr. D. Minn.,Unknown,Unknown,Yes,2013-08-14T17:13,MN,other
msnb,United States Bankruptcy Court N.D. Mississippi,172,Federal Bankruptcy,Bankr. N.D. Miss.,Unknown,Unknown,Yes,2013-08-15T09:22,MS,other
mssb,United States Bankruptcy Court S.D. Mississippi,98,Federal Bankruptcy,Bankr. S.D. Miss.,Unknown,Unknown,Yes,2013-08-15T09:05,MS,other
moeb,United States Bankruptcy Court E.D. Missouri,545,Federal Bankruptcy,Bankr. E.D. Mo.,Unknown,Unknown,Yes,2013-08-14T18:05,MO,other
mowb,United States Bankruptcy Court W.D. Missouri,1133,Federal Bankruptcy,Bankr. W.D. Mo.,Unknown,Unknown,Yes,2013-08-14T17:06,MO,other
mtb,United States Bankruptcy Court D. Montana,310,Federal Bankruptcy,Bankr. D. Mont.,Unknown,Unknown,Yes,2013-08-14T18:04,MT,other
nebraskab,United States Bankruptcy Court D. Nebraska,333,Federal Bankruptcy,Bankr. D. Neb.,Unknown,Unknown,Yes,2013-08-14T22:49,NE,other
nvb,United States Bankruptcy Court D. Nevada,198,Federal Bankruptcy,Bankr. D. Nev.,Unknown,Unknown,Yes,2013-08-14T18:16,NV,other
nhb,United States Bankruptcy Court D. New Hampshire,408,Federal Bankruptcy,Bankr. D.N.H.,Unknown,Unknown,Yes,2013-08-14T17:07,NH,other
njb,United States Bankruptcy Court D. New Jersey,635,Federal Bankruptcy,Bankr. D.N.J.,Unknown,Unknown,Yes,2013-08-14T17:15,NJ,other
nmb,United States Bankruptcy Court D. New Mexico,312,Federal Bankruptcy,Bankr. D.N.M.,Unknown,Unknown,Yes,2013-08-14T17:14,NM,other
nyeb,United States Bankruptcy Court E.D. New York,1063,Federal Bankruptcy,Bankr. E.D.N.Y.,Unknown,Unknown,Yes,2013-08-14T16:38,NY,other
nynb,United States Bankruptcy Court N.D. New York,355,Federal Bankruptcy,Bankr. N.D.N.Y.,Unknown,Unknown,Yes,2013-08-14T22:26,NY,other
nysb,United States Bankruptcy Court S.D. New York,2457,Federal Bankruptcy,Bankr. S.D.N.Y.,Unknown,Unknown,Yes,2013-08-14T16:39,NY,other
nywb,United States Bankruptcy Court W.D. New York,542,Federal Bankruptcy,Bankr. W.D.N.Y.,Unknown,Unknown,Yes,2013-08-14T17:26,NY,other
nceb,United States Bankruptcy Court E.D. North Carolina,245,Federal Bankruptcy,Bankr. E.D.N.C.,Unknown,Unknown,Yes,2013-08-15T09:17,NC,other
ncmb,United States Bankruptcy Court M.D. North Carolina,191,Federal Bankruptcy,Bankr. M.D.N.C.,Unknown,Unknown,Yes,2013-08-14T17:10,NC,other
ncwb,United States Bankruptcy Court W.D. North Carolina,84,Federal Bankruptcy,Bankr. W.D.N.C.,Unknown,Unknown,Yes,2013-08-15T09:47,NC,other
ndb,United States Bankruptcy Court D. North Dakota,297,Federal Bankruptcy,Bankr. D.N.D.,Unknown,Unknown,Yes,2014-11-24T09:06,ND,other
ohnb,United States Bankruptcy Court N.D. Ohio,1780,Federal Bankruptcy,Bankr. N.D. Ohio,Unknown,Unknown,Yes,2013-08-14T17:20,OH,other
ohsb,United States Bankruptcy Court S.D. Ohio,1631,Federal Bankruptcy,Bankr. S.D. Ohio,Unknown,Unknown,Yes,2013-08-14T17:43,OH,other
okeb,United States Bankruptcy Court E.D. Oklahoma,98,Federal Bankruptcy,Bankr. E.D. Okla.,Unknown,Unknown,Yes,2013-08-15T09:53,OK,other
oknb,United States Bankruptcy Court N.D. Oklahoma,288,Federal Bankruptcy,Bankr. N.D. Okla,Unknown,Unknown,Yes,2013-08-14T18:12,OK,other
okwb,United States Bankruptcy Court W.D. Oklahoma,268,Federal Bankruptcy,Bankr. W.D. Okla.,Unknown,Unknown,Yes,2013-08-14T22:18,OK,other
orb,United States Bankruptcy Court D. Oregon,384,Federal Bankruptcy,Bankr. D. Or.,Unknown,Unknown,Yes,2013-08-14T18:13,OR,other
paeb,United States Bankruptcy Court E.D. Pennsylvania,2094,Federal Bankruptcy,Bankr. E.D. Pa.,Unknown,Unknown,Yes,2013-08-14T17:25,PA,other
pamb,United States Bankruptcy Court M.D. Pennsylvania,427,Federal Bankruptcy,Bankr. M.D. Penn.,Unknown,Unknown,Yes,2013-08-14T17:40,PA,other
pawb,United States Bankruptcy Court W.D. Pennsylvania,1057,Federal Bankruptcy,Bankr. W.D. Pa.,Unknown,Unknown,Yes,2013-08-14T17:11,PA,other
rib,United States Bankruptcy Court D. Rhode Island,448,Federal Bankruptcy,Bankr. D.R.I.,Unknown,Unknown,Yes,2013-08-15T09:38,RI,other
scb,United States Bankruptcy Court D. South Carolina,417,Federal Bankruptcy,Bankr. D.S.C.,Unknown,Unknown,Yes,2014-11-24T09:49,SC,other
sdb,United States Bankruptcy Court D. South Dakota,206,Federal Bankruptcy,Bankr. D.S.D.,Unknown,Unknown,Yes,2013-08-15T09:33,SD,other
tneb,United States Bankruptcy Court E.D. Tennessee,663,Federal Bankruptcy,Bankr. E.D. Tenn.,Unknown,Unknown,Yes,2013-08-14T18:07,TN,other
tnmb,United States Bankruptcy Court M.D. Tennessee,388,Federal Bankruptcy,Bankr. M.D. Tenn.,Unknown,Unknown,Yes,2013-08-14T22:51,TN,other
tnwb,United States Bankruptcy Court W.D. Tennessee,264,Federal Bankruptcy,Bankr. W.D. Tenn.,Unknown,Unknown,Yes,2013-08-14T22:47,TN,other
tennesseeb,United States Bankruptcy Court D. Tennessee,12,Federal Bankruptcy,Bankr. D. Tenn.,Unknown,Unknown,Yes,2013-09-07T14:56,TN,other
txeb,United States Bankruptcy Court E.D. Texas,245,Federal Bankruptcy,Bankr. E.D. Tex.,Unknown,Unknown,Yes,2013-08-14T17:28,TX,other
txnb,United States Bankruptcy Court N.D. Texas,848,Federal Bankruptcy,Bankr. N.D. Tex.,Unknown,Unknown,Yes,2013-08-14T22:25,TX,other
txsb,United States Bankruptcy Court S.D. Texas,565,Federal Bankruptcy,Bankr. S.D. Tex.,Unknown,Unknown,Yes,2013-08-14T22:42,TX,other
txwb,United States District Court W.D. Texas,435,Federal Bankruptcy,Bankr. W.D. Tex.,Unknown,Unknown,Yes,2013-08-14T17:38,TX,other
utb,United States Bankruptcy Court D. Utah,221,Federal Bankruptcy,Bankr. D. Utah,Unknown,Unknown,Yes,2013-08-14T22:45,UT,other
vtb,United States Bankruptcy Court D. Vermont,343,Federal Bankruptcy,Bankr. D. Vt.,Unknown,Unknown,Yes,2013-08-14T22:43,VT,other
vaeb,United States Bankruptcy Court E.D. Virginia,1113,Federal Bankruptcy,Bankr. E.D. Va.,Unknown,Unknown,Yes,2013-08-14T17:50,VA,other
vawb,United States Bankruptcy Court W.D. Virginia,416,Federal Bankruptcy,Bankr. W.D. Va.,Unknown,Unknown,Yes,2013-08-14T17:29,VA,other
waeb,United States Bankruptcy Court E.D. Washington,53,Federal Bankruptcy,Bankr. E.D. Wash.,Unknown,Unknown,Yes,2013-08-15T09:52,WA,other
wawb,United States Bankruptcy Court W.D. Washington,148,Federal Bankruptcy,Bankr. W.D. Wash.,Unknown,Unknown,Yes,2013-08-15T09:32,WA,other
wvnb,United States District Court N.D. West Virginia,82,Federal Bankruptcy,Bankr. N.D.W. Va.,Unknown,Unknown,Yes,2013-08-14T17:16,WV,other
wvsb,United States Bankruptcy Court S.D. West Virginia,41,Federal Bankruptcy,Bankr. S.D.W. Va.,Unknown,Unknown,Yes,2013-08-15T10:08,WV,other
wieb,United States Bankruptcy Court E.D. Wisconsin,388,Federal Bankruptcy,Bankr. E.D. Wis.,Unknown,Unknown,Yes,2013-08-14T16:59,WI,other
wiwb,United States Bankruptcy Court W.D. Wisconsin,364,Federal Bankruptcy,Bankr. W.D. Wis.,Unknown,Unknown,Yes,2013-08-14T22:27,WI,other
wyb,United States Bankruptcy Court D. Wyoming,39,Federal Bankruptcy,Bankr. D. Wyo.,Unknown,Unknown,Yes,2013-08-15T10:09,WY,other
gub,United States Bankruptcy Court D. Guam,2,Federal Bankruptcy,Bankr. D. Guam,Unknown,Unknown,Yes,2013-08-15T11:08,GU,other
nmib,United States Bankruptcy Court Northern Mariana Islands,0,Federal Bankruptcy,Bankr. N. Mar. I.,Unknown,Unknown,Yes,2013-09-07T14:24,MP,other
prb,United States Bankruptcy Court D. Puerto Rico,152,Federal Bankruptcy,Bankr. D.P.R.,Unknown,Unknown,Yes,2013-08-15T11:07,PR,other
vib,United States Bankruptcy Court D. Virgin Islands,5,Federal Bankruptcy,Bankr. D.V.I.,Unknown,Unknown,Yes,2013-08-15T10:29,VI,other
dcd,District Court District of Columbia,26381,Federal District,D.C.,Unknown,Unknown,Yes,2014-05-19T17:58,DC,other
ald,District Court D. Alabama,0,Federal District,,Unknown,Unknown,Yes,2016-03-16T18:01,AL,other
almd,District Court M.D. Alabama,2266,Federal District,M.D. Ala.,Unknown,Unknown,Yes,2013-08-14T15:23,AL,other
alnd,District Court N.D. Alabama,1247,Federal District,N.D. Ala.,Unknown,Unknown,Yes,2013-08-14T22:35,AL,other
alsd,District Court S.D. Alabama,724,Federal District,S.D. Ala.,Unknown,Unknown,Yes,2013-10-22T08:47,AL,other
akd,District Court D. Alaska,444,Federal District,D. Alaska,Unknown,Unknown,Yes,2013-08-15T10:49,AK,other
azd,District Court D. Arizona,1286,Federal District,D. Ariz.,Unknown,Unknown,Yes,2013-08-14T15:23,AZ,other
ared,District Court E.D. Arkansas,1190,Federal District,E.D. Ark.,Unknown,Unknown,Yes,2013-08-14T15:23,AR,other
arwd,District Court W.D. Arkansas,810,Federal District,W.D. Ark.,Unknown,Unknown,Yes,2013-10-22T08:48,AR,other
californiad,District Court D. California,8,Federal District,D. Cal.,1866-07-27,1886-08-05,Yes,2013-08-14T15:23,CA,other
cacd,District Court C.D. California,3246,Federal District,C.D. Cal.,Unknown,Unknown,Yes,2013-08-19T17:00,CA,other
caed,District Court E.D. California,1258,Federal District,E.D. Cal.,Unknown,Unknown,Yes,2014-06-13T11:53,CA,other
cand,District Court N.D. California,4669,Federal District,N.D. Cal.,Unknown,Unknown,Yes,2013-08-14T15:23,CA,other
casd,District Court S.D. California,1725,Federal District,S.D. Cal.,Unknown,Unknown,Yes,2013-08-14T15:23,CA,other
cod,District Court D. Colorado,3237,Federal District,D. Colo.,Unknown,Unknown,Yes,2013-08-14T15:23,CO,other
ctd,District Court D. Connecticut,4495,Federal District,D. Conn.,Unknown,Unknown,Yes,2013-08-14T15:23,CT,other
ded,District Court D. Delaware,3748,Federal District,D. Del.,Unknown,Unknown,Yes,2013-08-14T15:23,DE,other
fld,District Court D. Florida,0,Federal District,,Unknown,Unknown,Yes,2016-03-16T18:01,FL,other
flmd,District Court M.D. Florida,2998,Federal District,M.D. Fla.,Unknown,Unknown,Yes,2013-08-15T09:43,FL,other
flnd,District Court N.D. Florida,536,Federal District,N.D. Fla.,Unknown,Unknown,Yes,2013-08-15T09:43,FL,other
flsd,District Court S.D. Florida,4193,Federal District,S.D. Fla.,Unknown,Unknown,Yes,2013-08-14T15:23,FL,other
gad,District Court D. Georgia,0,Federal District,,Unknown,Unknown,Yes,2016-03-16T18:01,GA,other
gamd,District Court M.D. Georgia,837,Federal District,,Unknown,Unknown,Yes,2013-08-14T15:23,GA,other
gand,District Court N.D. Georgia,2814,Federal District,N.D. Ga.,Unknown,Unknown,Yes,2013-08-14T15:23,GA,other
gasd,District Court S.D. Georgia,771,Federal District,S.D. Ga.,Unknown,Unknown,Yes,2013-10-22T08:48,GA,other
hid,District Court D. Hawaii,1321,Federal District,D. Haw.,Unknown,Unknown,Yes,2013-08-15T09:58,HI,other
idd,District Court D. Idaho,430,Federal District,D. Idaho,Unknown,Unknown,Yes,2013-08-14T15:23,ID,other
ilcd,District Court C.D. Illinois,1029,Federal District,C.D. Ill.,Unknown,Unknown,Yes,2013-08-14T22:33,IL,other
ilnd,District Court N.D. Illinois,12460,Federal District,N.D. Ill.,Unknown,Unknown,Yes,2013-08-14T15:23,IL,other
ilsd,District Court S.D. Illinois,505,Federal District,S.D. Ill.,Unknown,Unknown,Yes,2013-08-14T15:23,IL,other
illinoised,District Court E.D. Illinois,184,Federal District,E.D. Ill.,3/3/1905,10/2/1978,Yes,2013-10-22T08:49,IL,other
illinoisd,District Court D. Illinois,1,Federal District,D. Ill.,1819-03-03,1855-02-13,Yes,2013-09-07T15:00,IL,other
innd,District Court N.D. Indiana,1829,Federal District,N.D. Ind.,Unknown,Unknown,Yes,2013-08-19T17:50,IN,other
insd,District Court S.D. Indiana,1387,Federal District,S.D. Ind.,Unknown,Unknown,Yes,2013-08-19T17:51,IN,other
indianad,District Court D. Indiana,3,Federal District,D. Ind.,1817-03-03,4/21/1928,Yes,2013-08-14T15:23,IN,other
iad,District Court D. Iowa,0,Federal District,,Unknown,Unknown,Yes,2016-03-16T18:01,IA,other
iand,District Court N.D. Iowa,1230,Federal District,N.D. Iowa,Unknown,Unknown,Yes,2013-08-14T15:23,IA,other
iasd,District Court S.D. Iowa,1165,Federal District,S.D. Iowa,Unknown,Unknown,Yes,2013-10-22T08:49,IA,other
ksd,District Court D. Kansas,4748,Federal District,,Unknown,Unknown,Yes,2013-08-14T15:23,KS,other
kyd,District Court D. Kentucky,0,Federal District,,Unknown,Unknown,Yes,2016-03-16T18:01,KY,other
kyed,District Court E.D. Kentucky,863,Federal District,E.D. Ky.,Unknown,Unknown,Yes,2013-10-22T08:49,KY,other
kywd,District Court W.D. Kentucky,1011,Federal District,W.D. Ky.,Unknown,Unknown,Yes,2013-08-14T15:23,KY,other
lad,District Court D. Louisiana,0,Federal District,,Unknown,Unknown,Yes,2016-03-16T18:01,LA,other
laed,District Court E.D. Louisiana.,2763,Federal District,E.D. La.,Unknown,Unknown,Yes,2013-08-14T15:23,LA,other
lamd,District Court M.D. Louisiana,706,Federal District,M.D. La.,Unknown,Unknown,Yes,2013-08-15T10:47,LA,other
lawd,District Court W.D. Louisiana,1223,Federal District,W.D. La.,Unknown,Unknown,Yes,2013-08-14T15:23,LA,other
orld,District Court Orleans,0,Federal District,,1804-10-01,1812-04-08,Yes,2016-03-16T18:01,other,other
med,District Court D. Maine,2505,Federal District,D. Me.,Unknown,Unknown,Yes,2013-08-14T15:23,ME,other
mdd,District Court D. Maryland,5001,Federal District,D. Maryland,Unknown,Unknown,Yes,2013-08-14T15:23,MD,other
mad,District Court D. Massachusetts,7532,Federal District,D. Mass.,Unknown,Unknown,Yes,2013-08-14T15:23,MA,other
michd,District Court D. Michigan,0,Federal District,,Unknown,Unknown,Yes,2016-03-16T18:01,MI,other
mied,District Court E.D. Michigan,5436,Federal District,E.D. Mich.,Unknown,Unknown,Yes,2013-08-14T15:23,MI,other
miwd,District Court W.D. Michigan,1696,Federal District,,Unknown,Unknown,Yes,2013-10-22T08:50,MI,other
mnd,District Court D. Minnesota,3249,Federal District,D. Minnesota,Unknown,Unknown,Yes,2013-08-14T15:23,MN,other
missd,District Court D. Mississippi,0,Federal District,,Unknown,Unknown,Yes,2016-03-16T18:01,MS,other
msnd,District Court N.D. Mississippi,942,Federal District,N.D. Miss.,Unknown,Unknown,Yes,2013-08-14T15:23,MS,other
mssd,District Court S.D. Mississippi,1696,Federal District,S.D. Miss.,Unknown,Unknown,Yes,2013-10-22T08:50,MS,other
mod,District Court D. Missouri,0,Federal District,,Unknown,Unknown,Yes,2016-03-16T18:01,MO,other
mocd,District Court C.D. Missouri,2,Federal District,C.D. Mo.,Unknown,Unknown,Yes,2013-10-22T08:51,MO,other
moed,District Court E.D. Missouri,2631,Federal District,E.D. Mo.,Unknown,Unknown,Yes,2013-10-22T08:53,MO,other
mowd,District Court W.D. Missouri,1954,Federal District,W.D. Mo.,Unknown,Unknown,Yes,2013-08-14T15:23,MO,other
mosd,District Court S.D. Missouri,2,Federal District,Mo. S.D.,Unknown,Unknown,Yes,2013-10-30T00:51,MO,other
mtd,District Court D. Montana,816,Federal District,D. Mont.,Unknown,Unknown,Yes,2013-08-14T15:23,MT,other
ned,District Court D. Nebraska,1165,Federal District,D. Neb.,Unknown,Unknown,Yes,2013-08-14T15:23,NE,other
nvd,District Court D. Nevada,1221,Federal District,D. Nev.,Unknown,Unknown,Yes,2013-08-14T15:23,NV,other
nhd,District Court D. New Hampshire,912,Federal District,D.N.H.,Unknown,Unknown,Yes,2013-08-14T15:23,NH,other
njd,District Court D. New Jersey,4865,Federal District,D.N.J.,Unknown,Unknown,Yes,2013-08-14T15:23,NJ,other
nmd,District Court D. New Mexico,1084,Federal District,D.N.M.,Unknown,Unknown,Yes,2013-08-14T15:23,NM,other
nyd,District Court D. New York,0,Federal District,,Unknown,Unknown,Yes,2016-03-16T18:01,NY,other
nyed,District Court E.D. New York,7792,Federal District,E.D.N.Y,Unknown,Unknown,Yes,2013-08-14T15:23,NY,other
nynd,District Court N.D. New York,2578,Federal District,,Unknown,Unknown,Yes,2013-10-22T08:53,NY,other
nysd,District Court S.D. New York,26704,Federal District,S.D.N.Y.,Unknown,Unknown,Yes,2013-10-22T08:54,NY,other
nywd,District Court W.D. New York,2924,Federal District,W.D.N.Y.,Unknown,Unknown,Yes,2013-08-14T15:23,NY,other
nced,District Court E.D. North Carolina,1076,Federal District,E.D.N.C.,Unknown,Unknown,Yes,2013-08-14T15:23,NC,other
ncmd,District Court M.D. North Carolina,1083,Federal District,M.D.N.C.,Unknown,Unknown,Yes,2013-08-15T09:24,NC,other
ncwd,District Court W.D. North Carolina,1061,Federal District,W.D.N.C.,Unknown,Unknown,Yes,2013-10-22T08:54,NC,other
ndd,District Court D. North Dakota,606,Federal District,D.N.D.,Unknown,Unknown,Yes,2013-08-15T09:04,ND,other
ncd,District Court D. North Carolina,0,Federal District,,Unknown,Unknown,Yes,2016-03-16T18:01,NC,other
ohnd,District Court N.D. Ohio,3293,Federal District,N.D. Ohio,Unknown,Unknown,Yes,2013-08-14T15:23,OH,other
ohsd,District Court S.D. Ohio,2860,Federal District,S.D. Ohio,Unknown,Unknown,Yes,2013-08-14T15:23,OH,other
ohiod,District Court D. Ohio,3,Federal District,D. Ohio,1803-02-19,1855-02-10,Yes,2013-08-14T15:23,OH,other
oked,District Court E.D. Oklahoma,174,Federal District,E.D. Okla.,Unknown,Unknown,Yes,2013-10-22T08:54,OK,other
oknd,District Court N.D. Oklahoma,485,Federal District,N.D. Okla.,Unknown,Unknown,Yes,2013-08-14T15:23,OK,other
okwd,District Court W.D. Oklahoma,1010,Federal District,W.D. Okla.,Unknown,Unknown,Yes,2013-08-14T15:23,OK,other
ord,District Court D. Oregon,1859,Federal District,D. Or.,Unknown,Unknown,Yes,2013-08-14T15:23,OR,other
paed,District Court E.D. Pennsylvania,10440,Federal District,E.D. Pa.,Unknown,Unknown,Yes,2013-08-14T15:23,PA,other
pamd,District Court M.D. Pennsylvania,2303,Federal District,M.D. Penn.,Unknown,Unknown,Yes,2013-10-22T08:25,PA,other
pawd,District Court W.D. Pennsylvania,3244,Federal District,W.D. Pa.,Unknown,Unknown,Yes,2013-08-14T15:23,PA,other
pennsylvaniad,District Court D. Pennsylvania,8,Federal District,D. Pa.,Unknown,Unknown,Yes,2013-08-19T18:25,PA,other
rid,District Court D. Rhode Island,1556,Federal District,D.R.I.,Unknown,Unknown,Yes,2013-08-14T15:23,RI,other
scd,United States District Court D. South Carolina,1473,Federal District,D.S.C.,Unknown,Unknown,Yes,2013-08-15T10:25,SC,other
southcarolinaed,District Court E.D. South Carolina,181,Federal District,E.D.S.C.,1823-02-21,10/7/1965,Yes,2013-08-14T15:23,SC,other
southcarolinawd,District Court W.D. South Carolina,95,Federal District,W.D.S.C.,1823-02-21,10/7/1965,Yes,2013-10-22T08:55,SC,other
sdd,District Court D. South Dakota,867,Federal District,D.S.D.,Unknown,Unknown,Yes,2013-08-14T15:23,SD,other
tned,District Court E.D. Tennessee,1363,Federal District,E.D. Tenn.,Unknown,Unknown,Yes,2013-10-22T08:55,TN,other
tnmd,District Court M.D. Tennessee,1147,Federal District,M.D. Tenn.,Unknown,Unknown,Yes,2013-10-22T08:25,TN,other
tnwd,District Court W.D. Tennessee,892,Federal District,W.D. Tenn.,Unknown,Unknown,Yes,2013-10-22T08:56,TN,other
tennessed,District Court D. Tennessee,3,Federal District,D. Tenn.,1797-01-31,1839-06-18,Yes,2013-08-14T15:23,TN,other
texd,District Court D. Texas,0,Federal District,,Unknown,Unknown,Yes,2016-03-16T18:01,TX,other
txed,District Court E.D. Texas,1591,Federal District,E.D. Tex.,Unknown,Unknown,Yes,2013-08-14T15:23,TX,other
txnd,District Court N.D. Texas,2412,Federal District,N.D. Tex.,Unknown,Unknown,Yes,2013-08-14T15:23,TX,other
txsd,District Court S.D. Texas,3497,Federal District,S.D. Tex.,Unknown,Unknown,Yes,2013-10-22T08:56,TX,other
txwd,District Court W.D. Texas,1283,Federal District,W.D. Tex.,Unknown,Unknown,Yes,2013-10-22T08:56,TX,other
utd,United States District Court D. Utah,1237,Federal District,D. Utah,Unknown,Unknown,Yes,2013-08-15T09:21,UT,other
vtd,District Court D. Vermont,668,Federal District,D. Vt.,Unknown,Unknown,Yes,2013-08-14T22:50,VT,other
vad,District Court D. Virginia,0,Federal District,,Unknown,Unknown,Yes,2016-03-16T18:01,VA,other
vaed,District Court E.D. Virginia,4530,Federal District,E.D. Va.,Unknown,Unknown,Yes,2013-08-14T15:23,VA,other
vawd,District Court W.D. Virginia,2018,Federal District,W.D. Va.,Unknown,Unknown,Yes,2013-08-14T15:23,VA,other
washd,District Court D. Washington,0,Federal District,,Unknown,Unknown,Yes,2016-03-16T18:01,WA,other
waed,District Court E.D. Washington,437,Federal District,E.D. Wash.,3/2/1905,Unknown,Yes,2013-10-22T08:57,WA,other
wawd,District Court W.D. Washington,1146,Federal District,W.D. Wash.,3/2/1905,Unknown,Yes,2013-10-22T08:57,WA,other
wvad,District Court D. West Virginia,0,Federal District,,Unknown,Unknown,Yes,2016-03-16T18:01,WV,other
wvnd,District Court N.D. West Virginia,466,Federal District,N.D.W. Va.,Unknown,Unknown,Yes,2013-10-22T08:57,WV,other
wvsd,District Court S.D. West Virginia.,1238,Federal District,S.D.W. Va,Unknown,Unknown,Yes,2013-10-22T08:57,WV,other
wisd,District Court D. Wisconsin,0,Federal District,,Unknown,Unknown,Yes,2016-03-16T18:01,WI,other
wied,District Court E.D. Wisconsin,2740,Federal District,D. Wis.,Unknown,Unknown,Yes,2013-10-22T08:57,WI,other
wiwd,District Court W.D. Wisconsin,1181,Federal District,W.D. Wis.,Unknown,Unknown,Yes,2013-10-22T08:58,WI,other
wyd,District Court D. Wyoming,481,Federal District,D. Wyo.,Unknown,Unknown,Yes,2013-08-14T15:23,WY,other
canalzoned,District Court Canal Zone,26,Federal District,D.C.Z.,7/26/1937,3/31/1982,Yes,2013-08-19T19:04,other,other
gud,District Court D. Guam,38,Federal District,D. Guam,Unknown,Unknown,Yes,2013-08-19T17:14,GU,other
nmid,District Court Northern Mariana Islands,16,Federal District,N. Mar. I.,Unknown,Unknown,Yes,2013-08-15T12:41,MP,other
prd,District Court D. Puerto Rico,4054,Federal District,D.P.R.,Unknown,Unknown,Yes,2013-08-15T10:00,PR,other
vid,District Court Virgin Islands,656,Federal District,D.V.I.,Unknown,Unknown,Yes,2013-08-15T10:06,VI,other
ala,Supreme Court of Alabama,16421,State Supreme,Ala.,Unknown,Unknown,Yes,2014-08-08T12:46,AL,supreme
alactapp,Alabama Court of Appeals,550,State Appellate,Ala. Ct. App.,Unknown,1/1/1969,Yes,2013-10-16T12:06,AL,appellate
alacrimapp,Court of Criminal Appeals of Alabama,12238,State Appellate,Ala. Crim. App.,Unknown,Unknown,Yes,2013-09-08T18:12,AL,appellate
alacivapp,Court of Civil Appeals of Alabama,9707,State Appellate,Ala. Civ. App.,Unknown,Unknown,Yes,2013-09-08T18:36,AL,appellate
alaska,Alaska Supreme Court,6116,State Supreme,Alaska,Unknown,Unknown,Yes,2013-08-14T09:46,AK,supreme
alaskactapp,Court of Appeals of Alaska,2039,State Appellate,Alaska Ct. App.,Unknown,Unknown,Yes,2014-09-02T16:00,AK,appellate
ariz,Arizona Supreme Court,6698,State Supreme,Ariz.,Unknown,Unknown,Yes,2013-08-14T09:46,AZ,supreme
arizctapp,Court of Appeals of Arizona,10961,State Appellate,Ariz. Ct. App.,Unknown,Unknown,Yes,2013-10-16T11:58,AZ,appellate
ariztaxct,Arizona Tax Court,22,State Special,Ariz. T.C.,Unknown,Unknown,Yes,2013-08-14T15:42,AZ,other
ark,Supreme Court of Arkansas,10523,State Supreme,Ark.,Unknown,Unknown,Yes,2013-09-08T18:32,AR,supreme
arkctapp,Court of Appeals of Arkansas,4439,State Appellate,Ark. Ct. App.,Unknown,Unknown,Yes,2013-09-09T10:36,AR,appellate
arkworkcompcom,Arkansas Workers' Compensation Commission,0,State Special,Ark. Workers' Comp.,Unknown,Unknown,Yes,2016-05-18T10:52,AR,other
arkag,Arkansas Attorney General Reports,0,State Attorney General,Ark. Att'y Gen.,Unknown,Unknown,Yes,2016-05-18T13:01,AR,other
cal,California Supreme Court,10985,State Supreme,Cal.,Unknown,Unknown,Yes,2013-08-14T09:46,CA,supreme
calctapp,California Court of Appeal,67940,State Appellate,Cal. Ct. App.,Unknown,Unknown,Yes,2014-05-23T08:31,CA,appellate
calappdeptsuper,Appellate Division of the Superior Court of California,0,State Appellate,Cal. App. Dep’t Super. Ct.,Unknown,Unknown,Yes,2016-05-18T11:54,CA,appellate
calag,California Attorney General Reports,0,State Attorney General,Cal. Att'y Gen.,Unknown,Unknown,Yes,2016-05-18T13:03,CA,other
colo,Supreme Court of Colorado,9827,State Supreme,Colo.,Unknown,Unknown,Yes,2014-07-11T13:49,CO,supreme
coloctapp,Colorado Court of Appeals,9480,State Appellate,Colo. Ct. App.,Unknown,Unknown,Yes,2014-07-11T13:49,CO,appellate
coloworkcompcom,Colorado Industrial Claim Appeals Office,0,State Special,Colo. Indus. Cl. App.,Unknown,Unknown,Yes,2016-05-18T11:04,CO,other
coloag,Colorado Attorney General Reports,0,State Attorney General,Colo. Att'y Gen.,Unknown,Unknown,Yes,2016-05-18T13:04,CO,other
conn,Supreme Court of Connecticut,7177,State Supreme,Conn.,Unknown,Unknown,Yes,2014-07-17T14:35,CT,supreme
connappct,Connecticut Appellate Court,4222,State Appellate,Conn. App. Ct.,Unknown,Unknown,Yes,2014-07-17T14:35,CT,appellate
connsuperct,Connecticut Superior Court,107,State Appellate,Conn. Super. Ct.,Unknown,Unknown,Yes,2013-10-16T15:03,CT,appellate
connworkcompcom,Connecticut Compensation Review Board,0,State Special,Conn. Comp. Rev. Bd.,Unknown,Unknown,Yes,2016-05-18T11:09,CT,other
del,Supreme Court of Delaware,6805,State Supreme,Del.,Unknown,Unknown,Yes,2014-08-04T15:00,DE,supreme
delch,Court of Chancery of Delaware,1862,State Appellate,Del. Ch.,Unknown,Unknown,Yes,2013-09-09T12:19,DE,appellate
delsuperct,Superior Court of Delaware,2223,State Appellate,Del. Super. Ct.,Unknown,Unknown,Yes,2013-09-09T13:12,DE,appellate
delctcompl,Delaware Court of Common Pleas,140,State Special,Del. Ct. Com. Pl.,Unknown,Unknown,Yes,2014-08-04T15:09,DE,other
delfamct,Delaware Family Court,85,State Special,Del. Fm. Ct.,Unknown,Unknown,Yes,2013-10-16T14:32,DE,other
deljudct,Court on the Judiciary of Delaware.,5,State Special,Ct. Jud. Del.,Unknown,Unknown,Yes,2013-10-29T23:19,DE,other
dc,District of Columbia Court of Appeals,12922,State Supreme,D.C.,Unknown,Unknown,Yes,2013-10-16T11:54,DC,supreme
fla,Supreme Court of Florida,17306,State Supreme,Fla.,Unknown,Unknown,Yes,2014-08-01T09:49,FL,supreme
fladistctapp,District Court of Appeal of Florida,114114,State Appellate,Fla. Dist. Ct. App.,Unknown,Unknown,Yes,2014-08-01T09:49,FL,appellate
flaag,Florida Attorney General Reports,0,State Attorney General,Fla. Att'y Gen.,Unknown,Unknown,Yes,2016-05-18T13:05,FL,other
ga,Supreme Court of Georgia,17678,State Supreme,Ga.,Unknown,Unknown,Yes,2014-08-01T10:11,GA,supreme
gactapp,Court of Appeals of Georgia.,49237,State Appellate,Ga. Ct. App.,Unknown,Unknown,Yes,2014-08-01T10:12,GA,appellate
haw,Hawaii Supreme Court,5153,State Supreme,Haw.,Unknown,Unknown,Yes,2013-08-14T09:46,HI,supreme
hawapp,Hawaii Intermediate Court of Appeals,5551,State Appellate,Haw. App.,Unknown,Unknown,Yes,2013-08-14T15:42,HI,appellate
idaho,Idaho Supreme Court,7321,State Supreme,Idaho,Unknown,Unknown,Yes,2013-08-14T09:46,ID,supreme
idahoctapp,Idaho Court of Appeals,3365,State Appellate,Idaho Ct. App.,Unknown,Unknown,Yes,2013-08-14T15:42,ID,appellate
ill,Illinois Supreme Court,16161,State Supreme,Ill.,Unknown,Unknown,Yes,2013-09-07T14:34,IL,supreme
illappct,Appellate Court of Illinois,73366,State Appellate,Ill. App. Ct.,Unknown,Unknown,Yes,2013-08-14T15:42,IL,appellate
ind,Indiana Supreme Court,13462,State Supreme,Ind.,Unknown,Unknown,Yes,2013-08-14T09:46,IN,supreme
indctapp,Indiana Court of Appeals,32207,State Appellate,Ind. Ct. App.,Unknown,Unknown,Yes,2014-09-08T13:26,IN,appellate
indtc,Indiana Tax Court,596,State Special,Ind. T.C.,Unknown,Unknown,Yes,2014-09-08T13:26,IN,other
iowa,Supreme Court of Iowa,13033,State Supreme,Iowa,Unknown,Unknown,Yes,2014-08-01T11:44,IA,supreme
iowactapp,Court of Appeals of Iowa,8395,State Appellate,Iowa Ct. App.,Unknown,Unknown,Yes,2014-08-01T11:44,IA,appellate
kan,Supreme Court of Kansas,10944,State Supreme,Kan.,Unknown,Unknown,Yes,2014-08-01T12:03,KS,supreme
kanctapp,Court of Appeals of Kansas,8151,State Appellate,Kan. Ct. App.,Unknown,Unknown,Yes,2014-08-01T12:03,KS,appellate
kanag,Kansas Attorney General Reports,0,State Attorney General,Kan. Att'y Gen.,Unknown,Unknown,Yes,2016-05-18T13:06,KS,other
ky,Kentucky Supreme Court,3060,State Supreme,Ky.,Unknown,Unknown,Yes,2014-08-08T10:26,KY,supreme
kyctapp,Court of Appeals of Kentucky,4899,State Appellate,Ky. Ct. App.,Unknown,Unknown,Yes,2013-09-09T09:45,KY,appellate
la,Supreme Court of Louisiana,26713,State Supreme,La.,Unknown,Unknown,Yes,2014-07-17T07:08,LA,supreme
lactapp,Louisiana Court of Appeal,46740,State Appellate,La. Ct. App.,Unknown,Unknown,Yes,2013-10-16T11:52,LA,appellate
laag,Louisiana Attorney General Reports,0,State Attorney General,La. Att'y Gen.,Unknown,Unknown,Yes,2016-05-18T13:06,LA,other
me,Supreme Judicial Court of Maine,8157,State Supreme,Me.,Unknown,Unknown,Yes,2014-06-23T09:59,ME,supreme
md,Court of Appeals of Maryland,14085,State Supreme,Md.,Unknown,Unknown,Yes,2014-06-27T13:56,MD,supreme
mdctspecapp,Court of Special Appeals of Maryland,8147,State Appellate,Md. Ct. Spec. App.,Unknown,Unknown,Yes,2014-06-27T13:56,MD,appellate
mdag,Maryland Attorney General Reports,0,State Attorney General,Md. Att'y Gen.,Unknown,Unknown,Yes,2016-05-18T13:08,MD,other
mass,Massachusetts Supreme Judicial Court,8987,State Supreme,Mass.,Unknown,Unknown,Yes,2014-07-17T07:48,MA,supreme
massappct,Massachusetts Appeals Court,3177,State Appellate,Mass. App. Ct.,Unknown,Unknown,Yes,2014-07-17T07:49,MA,appellate
masssuperct,Massachusetts Superior Court,0,State Appellate,Mass. Super. Ct.,Unknown,Unknown,Yes,2016-04-21T11:46,MA,appellate
massdistct,Massachusetts District Court,0,State Appellate,Mass. Dist. Ct.,Unknown,Unknown,Yes,2016-04-21T11:46,MA,appellate
maworkcompcom,Massachusetts Department of Industrial Accidents,0,State Special,Mass. Dep't Indus. Accid.,Unknown,Unknown,Yes,2016-05-18T12:03,MA,other
mich,Michigan Supreme Court,36755,State Supreme,Mich.,Unknown,Unknown,Yes,2013-08-14T09:46,MI,supreme
michctapp,Michigan Court of Appeals,22230,State Appellate,Mich. Ct. App.,Unknown,Unknown,Yes,2013-09-08T17:56,MI,appellate
minn,Supreme Court of Minnesota,12379,State Supreme,Minn.,Unknown,Unknown,Yes,2014-07-11T13:23,MN,supreme
minnctapp,Court of Appeals of Minnesota,10111,State Appellate,Minn. Ct. App.,Unknown,Unknown,Yes,2014-07-11T13:23,MN,appellate
miss,Mississippi Supreme Court,18927,State Supreme,Miss.,Unknown,Unknown,Yes,2013-08-14T09:46,MS,supreme
missctapp,Court of Appeals of Mississippi,5808,State Appellate,Miss. Ct. App.,Unknown,Unknown,Yes,2013-09-08T23:27,MS,appellate
mo,Supreme Court of Missouri,8077,State Supreme,Mo.,Unknown,Unknown,Yes,2013-09-08T19:00,MO,supreme
moctapp,Missouri Court of Appeals,28018,State Appellate,Mo. Ct. App.,Unknown,Unknown,Yes,2013-09-08T17:58,MO,appellate
moag,Missouri Attorney General Reports,0,State Attorney General,Mo. Att'y Gen.,Unknown,Unknown,Yes,2016-05-18T13:09,MO,other
mont,Montana Supreme Court,17444,State Supreme,Mont.,Unknown,Unknown,Yes,2013-08-14T09:46,MT,supreme
montag,Montana Attorney General Reports,0,State Attorney General,Mont. Att'y Gen.,Unknown,Unknown,Yes,2016-05-18T13:16,MT,other
neb,Nebraska Supreme Court,14439,State Supreme,Neb.,Unknown,Unknown,Yes,2013-08-14T09:46,NE,supreme
nebctapp,Nebraska Court of Appeals,1807,State Appellate,Neb. Ct. App.,Unknown,Unknown,Yes,2013-08-14T15:43,NE,appellate
nebag,Nebraska Attorney General Reports,0,State Attorney General,Neb. Att'y Gen.,Unknown,Unknown,Yes,2016-05-18T13:10,NE,other
nev,Nevada Supreme Court,7908,State Supreme,Nev.,Unknown,Unknown,Yes,2013-08-14T09:46,NV,supreme
nh,Supreme Court of New Hampshire,4099,State Supreme,N.H.,Unknown,Unknown,Yes,2014-07-02T13:37,NH,supreme
nj,Supreme Court of New Jersey,12751,State Supreme,N.J.,Unknown,Unknown,Yes,2013-09-08T18:34,NJ,supreme
njsuperctappdiv,New Jersey Superior Court,19922,State Appellate,N.J. Super. Ct. App. Div.,Unknown,Unknown,Yes,2013-09-08T18:18,NJ,appellate
njtaxct,New Jersey Tax Court,6,State Special,N.J. Tax Ct.,Unknown,Unknown,Yes,2013-10-16T14:42,NJ,other
njch,New Jersey Court of Chancery,0,State Appellate,N.J. Ct. of Ch.,1684-01-01,12/31/1947,Yes,2016-06-18T13:01,NJ,appellate
nm,New Mexico Supreme Court,7505,State Supreme,N.M.,Unknown,Unknown,Yes,2013-08-14T09:46,NM,supreme
nmctapp,New Mexico Court of Appeals,6139,State Appellate,N.M. Ct. App.,Unknown,Unknown,Yes,2013-08-14T15:43,NM,appellate
ny,New York Court of Appeals,16915,State Supreme,NY,Unknown,Unknown,Yes,2014-08-21T15:51,NY,supreme
nyappdiv,Appellate Division of the Supreme Court of the State of New York,15074,State Appellate,N.Y. App. Div.,Unknown,Unknown,Yes,2014-08-08T12:52,NY,appellate
nyappterm,Appellate Terms of the Supreme Court of New York,410,State Appellate,N.Y. App. Term.,Unknown,Unknown,Yes,2015-10-29T12:29,NY,appellate
nysupct,New York Supreme Court,37,State Trial,N.Y. Sup. Ct.,Unknown,Unknown,Yes,2015-10-29T12:44,NY,other
nyfamct,New York Family Court,1,State Special,N.Y. Fam. Ct.,Unknown,Unknown,Yes,2013-10-23T11:03,NY,other
nysurct,New York Surrogate's Court,4,State Special,N.Y. Sur. Ct.,Unknown,Unknown,Yes,2015-10-29T11:12,NY,other
nycivct,Civil Court of the City of New York,0,State Special,N.Y. City Civ. Ct.,Unknown,Unknown,Yes,2016-05-18T12:12,NY,other
nycrimct,Criminal Court of the City of New York,0,State Special,N.Y. City Crim. Ct.,Unknown,Unknown,Yes,2016-05-18T12:14,NY,other
nyag,New York Attorney General Reports,0,State Attorney General,N.Y. Att'y Gen.,Unknown,Unknown,Yes,2016-05-18T13:10,NY,other
nc,Supreme Court of North Carolina,15899,State Supreme,N.C.,Unknown,Unknown,Yes,2013-09-08T18:10,NC,supreme
ncctapp,Court of Appeals of North Carolina,21660,State Appellate,N.C. Ct. App.,Unknown,Unknown,Yes,2014-09-08T13:26,NC,appellate
ncsuperct,Superior Court of North Carolina,0,State Appellate,Sup. Ct. N.C.,Unknown,Unknown,Yes,2016-05-18T12:06,NC,appellate
ncworkcompcom,North Carolina Industrial Commission,0,State Special,N.C. Indus. Comm.,Unknown,Unknown,Yes,2016-05-18T12:09,NC,other
nd,North Dakota Supreme Court,10430,State Supreme,N.D.,Unknown,Unknown,Yes,2013-08-14T09:46,ND,supreme
ndctapp,North Dakota Court of Appeals,65,State Appellate,N.D. Ct. App.,Unknown,Unknown,Yes,2013-08-14T15:43,ND,appellate
ohio,Ohio Supreme Court,3011,State Supreme,Ohio,Unknown,Unknown,Yes,2013-08-15T13:09,OH,supreme
ohioctapp,Ohio Court of Appeals,20632,State Appellate,Ohio Ct. App.,Unknown,Unknown,Yes,2014-08-01T12:33,OH,appellate
ohioctcl,Ohio Court of Claims,1487,State Special,Ohio Ct. Cl.,Unknown,Unknown,Yes,2014-08-01T12:47,OH,other
okla,Supreme Court of Oklahoma,9880,State Supreme,Okla.,Unknown,Unknown,Yes,2014-07-11T13:29,OK,supreme
oklacivapp,Court of Civil Appeals of Oklahoma,3668,State Appellate,Okla. Civ. App.,1/1/1908,Unknown,Yes,2014-07-11T13:30,OK,appellate
oklacrimapp,Court of Criminal Appeals of Oklahoma,4553,State Appellate,Okla. Crim. App.,Unknown,Unknown,Yes,2014-07-11T13:30,OK,appellate
oklajeap,Oklahoma Judicial Ethics Advisory Panel,13,State Special,Okla. J.E.A.P.,Unknown,Unknown,Yes,2013-08-15T14:14,OK,other
oklacoj,Court on the Judiciary of Oklahoma,3,State Special,Okla. C.O.J.,Unknown,Unknown,Yes,2013-09-07T13:16,OK,other
oklaag,Oklahoma Attorney General Reports,0,State Special,Okla. Att’y Gen.,Unknown,Unknown,Yes,2014-07-11T13:44,OK,other
or,Oregon Supreme Court,12231,State Supreme,Or.,Unknown,Unknown,Yes,2013-08-14T09:46,OR,supreme
orctapp,Court of Appeals of Oregon,18652,State Appellate,Or. Ct. App.,Unknown,Unknown,Yes,2013-08-14T15:42,OR,appellate
ortc,Oregon Tax Court,0,State Special,Or. T.C.,Unknown,Unknown,Yes,2016-05-18T12:29,OR,other
pa,Supreme Court of Pennsylvania,29108,State Supreme,Pa.,Unknown,Unknown,Yes,2014-08-01T13:56,PA,supreme
pasuperct,Superior Court of Pennsylvania,35356,State Appellate,Pa. Super. Ct.,Unknown,Unknown,Yes,2014-08-01T13:56,PA,appellate
pacommwct,Commonwealth Court of Pennsylvania,11044,State Appellate,Pa. Commw. Ct.,Unknown,Unknown,Yes,2016-05-17T16:45,PA,appellate
cjdpa,Court of Judicial Discipline of Pennsylvania,41,State Special,Ct. Jud. Disc. Pa,Unknown,Unknown,Yes,2013-10-29T23:08,PA,other
ri,Supreme Court of Rhode Island,8678,State Supreme,R.I.,Unknown,Unknown,Yes,2014-08-08T13:59,RI,supreme
risuperct,Superior Court of Rhode Island,0,State Appellate,Sup. Ct. R.I.,Unknown,Unknown,Yes,2016-05-18T12:33,RI,appellate
sc,Supreme Court of South Carolina,8774,State Supreme,S.C.,Unknown,Unknown,Yes,2013-09-08T23:22,SC,supreme
scctapp,Court of Appeals of South Carolina,3851,State Appellate,S.C. Ct. App.,Unknown,Unknown,Yes,2013-09-09T09:44,SC,appellate
sd,South Dakota Supreme Court,7974,State Supreme,S.D.,Unknown,Unknown,Yes,2013-08-14T09:46,SD,supreme
tenn,Tennessee Supreme Court,5007,State Supreme,Tenn.,Unknown,Unknown,Yes,2013-09-08T16:57,TN,supreme
tennctapp,Court of Appeals of Tennessee,15131,State Appellate,Tenn. Ct. App.,Unknown,Unknown,Yes,2013-09-08T19:23,TN,appellate
tenncrimapp,Court of Criminal Appeals of Tennessee,18454,State Appellate,Tenn. Crim. App.,Unknown,Unknown,Yes,2013-09-09T09:30,TN,appellate
tennsuperct,Tennessee Superior Court for Law and Equity,0,State Appellate,Tenn. Sup. Ct.,1796-01-01,1809-12-31,Yes,2016-06-18T13:01,TN,appellate
tex,Texas Supreme Court,9091,State Supreme,Tex.,Unknown,Unknown,Yes,2014-08-08T10:27,TX,supreme
texapp,Court of Appeals of Texas,258143,State Appellate,Tex. App.,Unknown,Unknown,Yes,2014-08-08T10:27,TX,appellate
texcrimapp,Court of Criminal Appeals of Texas,28790,State Appellate,Tex. Crim. App.,Unknown,Unknown,Yes,2015-09-02T11:29,TX,appellate
texreview,Texas Special Court of Review,5,State Special,Tex. Rev.,Unknown,Unknown,Yes,2013-10-30T00:11,TX,other
texjpml,Texas Judicial Panel on Multidistrict Litigation,0,State Appellate,Tex. J.P.M.L.,Unknown,Unknown,Yes,2016-06-18T13:01,TX,appellate
texag,Texas Attorney General Reports,0,State Attorney General,Tex. Att'y Gen.,Unknown,Unknown,Yes,2016-05-18T13:12,TX,other
utah,Utah Supreme Court,7864,State Supreme,Utah,Unknown,Unknown,Yes,2013-08-14T09:46,UT,supreme
utahctapp,Court of Appeals of Utah,3453,State Appellate,Utah Ct. App.,Unknown,Unknown,Yes,2013-08-14T15:42,UT,appellate
vt,Supreme Court of Vermont,6897,State Supreme,Vt.,Unknown,Unknown,Yes,2013-09-09T10:24,VT,supreme
va,Supreme Court of Virginia,7555,State Supreme,Va.,Unknown,Unknown,Yes,2013-09-09T10:23,VA,supreme
vactapp,Court of Appeals of Virginia,5180,State Appellate,Va. Ct. App.,Unknown,Unknown,Yes,2013-09-09T10:05,VA,appellate
wash,Washington Supreme Court,14488,State Supreme,Wash.,Unknown,Unknown,Yes,2013-08-14T09:46,WA,supreme
washctapp,Court of Appeals of Washington,15309,State Appellate,Wash. Ct. App.,Unknown,Unknown,Yes,2013-08-14T15:42,WA,appellate
washag,Washington Attorney General Reports,0,State Attorney General,Wash. Att'y Gen.,Unknown,Unknown,Yes,2016-05-18T13:13,WA,other
wva,West Virginia Supreme Court,11268,State Supreme,W. Va.,Unknown,Unknown,Yes,2013-08-14T09:46,WV,supreme
wis,Wisconsin Supreme Court,13221,State Supreme,Wis.,Unknown,Unknown,Yes,2013-08-14T09:46,WI,supreme
wisctapp,Court of Appeals of Wisconsin,11625,State Appellate,Wis. Ct. App.,Unknown,Unknown,Yes,2013-09-08T18:29,WI,appellate
wisag,Wisconsin Attorney General Reports,0,State Attorney General,Wis. Att'y Gen.,Unknown,Unknown,Yes,2016-05-18T13:15,WI,other
wyo,Wyoming Supreme Court,7166,State Supreme,Wyo.,Unknown,Unknown,Yes,2013-08-14T09:46,WY,supreme
usjc,United States Judicial Conference Committee,5,Committee,U.S.J.C.,Unknown,Unknown,Yes,2013-08-14T15:40,other,other
jpml,United States Judicial Panel on Multidistrict Litigation,1122,Committee,J.P.M.L.,Unknown,Unknown,Yes,2013-08-15T17:19,other,other
stp,United States Special Tribunal of Pennsylvania,1,Committee,Special Tribunal of Pa.,Unknown,Unknown,Yes,2014-11-24T09:07,PA,other
kingsbench,Court of King's Bench,0,International,King's Bench,1200-01-01,1873-12-31,Yes,2016-05-18T10:52,other,other
